Date,no2,so2,pm2_5,pm10,o3,nh3,no
2020-11-25 00:00:00,7.34,3.64,25.72,29.03,73.95,2.45,0.05
2020-11-26 00:00:00,5.03,2.3,9.2,10.46,74.76,1.83,0.05
2020-11-27 00:00:00,6.96,2.77,20.86,23.63,58.51,2.52,0.26
2020-11-28 00:00:00,6.13,4.45,30.75,33.2,66.65,1.61,0.23
2020-11-29 00:00:00,2.48,2.44,11.28,11.97,59.13,0.83,0.06
2020-11-30 00:00:00,2.15,0.52,8.14,9.03,68.17,1.14,0.04
2020-12-01 00:00:00,3.21,0.68,32.38,37.05,71.88,2.09,0.09
2020-12-02 00:00:00,4.64,1.66,31.14,36.38,63.46,1.89,0.14
2020-12-03 00:00:00,7.4,3.76,34.46,35.88,69.44,1.09,0.05
2020-12-04 00:00:00,5.55,2.12,20.93,21.6,42.63,0.83,0.08
2020-12-05 00:00:00,4.05,1.32,6.6,7.45,37.67,1.12,0.05
2020-12-06 00:00:00,3.14,0.95,5.87,6.44,44.54,0.84,0.02
2020-12-07 00:00:00,6.02,1.84,5.28,5.76,25.58,0.63,0.08
2020-12-08 00:00:00,3.5,3.36,9.57,10.14,51.96,0.54,0.1
2020-12-09 00:00:00,2.72,2.37,14.09,15.3,59.44,0.8,0.09
2020-12-10 00:00:00,3.18,1.67,25.68,29.13,62.62,1.28,0.08
2020-12-11 00:00:00,5.53,2.12,51.18,58.74,67.16,1.47,0.18
2020-12-12 00:00:00,5.5,1.18,60.94,66.91,62.84,2.19,0.11
2020-12-13 00:00:00,6.77,1.22,52.5,58.35,52.55,3.79,0.45
2020-12-14 00:00:00,6.03,2.42,56.84,63.56,62.38,2.48,0.56
2020-12-15 00:00:00,5.27,2.24,40.25,45.32,63.0,1.81,0.13
2020-12-16 00:00:00,3.17,0.63,24.71,26.48,66.58,1.18,0.06
2020-12-17 00:00:00,3.22,1.22,11.42,12.13,61.57,0.84,0.02
2020-12-18 00:00:00,2.69,0.49,7.29,8.69,61.1,1.23,0.07
2020-12-19 00:00:00,2.76,0.7,14.64,17.6,62.14,1.38,0.05
2020-12-20 00:00:00,2.7,1.38,28.92,32.23,84.94,1.08,0.04
2020-12-21 00:00:00,3.93,1.19,38.83,45.85,77.07,1.54,0.05
2020-12-22 00:00:00,3.15,1.43,48.34,57.84,72.63,1.08,0.05
2020-12-23 00:00:00,4.24,2.6,40.99,48.9,57.03,1.36,0.07
2020-12-24 00:00:00,3.85,3.14,49.82,59.98,68.53,1.38,0.12
2020-12-25 00:00:00,5.12,2.63,43.88,51.43,70.44,2.2,0.07
2020-12-26 00:00:00,3.4,1.1,39.5,45.63,78.08,2.38,0.1
2020-12-27 00:00:00,4.68,1.5,72.26,80.1,74.29,2.33,0.34
2020-12-28 00:00:00,7.25,1.26,71.74,79.74,64.28,3.01,0.3
2020-12-29 00:00:00,4.3,2.14,66.94,74.88,69.81,2.51,0.11
2020-12-30 00:00:00,2.09,1.08,20.29,23.08,77.16,1.1,0.06
2020-12-31 00:00:00,2.12,0.92,20.54,21.78,77.22,0.78,0.03
2021-01-01 00:00:00,2.74,1.2,33.8,40.43,83.3,1.02,0.05
2021-01-02 00:00:00,2.13,0.95,33.61,39.07,75.79,1.21,0.06
2021-01-03 00:00:00,2.0,1.71,13.74,14.33,69.65,0.72,0.04
2021-01-04 00:00:00,3.17,2.41,14.78,15.85,53.72,0.72,0.08
2021-01-05 00:00:00,2.59,1.64,12.43,13.47,64.18,0.72,0.06
2021-01-06 00:00:00,4.53,2.72,14.41,15.02,53.15,0.58,0.07
2021-01-07 00:00:00,8.0,4.58,16.72,17.57,38.24,0.55,0.35
2021-01-08 00:00:00,5.46,6.3,20.17,21.25,54.03,0.46,0.19
2021-01-09 00:00:00,3.63,2.21,9.23,9.89,38.71,0.83,0.07
2021-01-10 00:00:00,3.86,1.27,7.77,8.81,36.94,1.17,0.05
2021-01-11 00:00:00,3.38,0.39,8.6,10.22,41.47,1.45,0.06
2021-01-12 00:00:00,4.01,0.7,12.94,15.71,37.7,1.51,0.08
2021-01-13 00:00:00,2.28,0.53,10.91,12.5,49.67,1.0,0.06
2021-01-14 00:00:00,2.38,1.18,15.66,17.26,58.19,0.74,0.09
2021-01-15 00:00:00,2.68,1.75,17.42,18.62,59.43,0.61,0.06
2021-01-16 00:00:00,3.01,2.43,20.11,22.39,57.16,0.94,0.09
2021-01-17 00:00:00,3.3,2.14,24.82,27.48,56.06,1.24,0.11
2021-01-18 00:00:00,3.87,2.42,46.83,52.23,78.59,1.38,0.14
2021-01-19 00:00:00,4.42,1.52,34.24,40.14,70.1,2.01,0.11
2021-01-20 00:00:00,5.77,0.94,25.68,30.56,63.39,2.8,0.3
2021-01-21 00:00:00,6.67,1.53,33.04,38.11,52.13,3.61,0.75
2021-01-22 00:00:00,6.73,1.91,40.54,45.65,62.43,3.58,0.58
2021-01-23 00:00:00,3.41,1.95,39.0,41.87,74.3,1.64,0.07
2021-01-24 00:00:00,5.12,1.7,23.48,27.47,61.54,5.05,0.35
2021-01-25 00:00:00,6.68,3.9,31.02,36.81,70.95,4.33,0.44
2021-01-26 00:00:00,6.64,2.38,41.07,45.7,75.1,3.22,0.55
2021-01-27 00:00:00,5.83,4.29,36.52,42.62,61.45,4.89,0.0
2021-01-28 00:00:00,6.0,1.58,36.8,41.87,82.25,2.21,0.62
2021-01-29 00:00:00,3.76,1.99,27.3,32.04,79.72,1.84,0.06
2021-01-30 00:00:00,3.2,3.45,51.64,58.12,74.33,1.17,0.05
2021-01-31 00:00:00,2.8,2.75,47.49,53.14,72.67,1.35,0.09
2021-02-01 00:00:00,3.01,1.84,41.47,46.49,84.07,2.15,0.09
2021-02-02 00:00:00,2.74,2.89,26.92,32.29,89.97,1.73,0.08
2021-02-03 00:00:00,2.31,3.98,45.5,51.42,99.84,1.02,0.04
2021-02-04 00:00:00,3.16,3.82,46.5,55.09,98.17,2.12,0.09
2021-02-05 00:00:00,6.25,4.3,59.99,71.19,91.52,3.35,0.16
2021-02-06 00:00:00,3.06,4.96,61.11,70.82,107.32,2.46,0.08
2021-02-07 00:00:00,3.13,4.36,59.38,66.18,110.24,3.02,0.09
2021-02-08 00:00:00,3.59,3.71,65.04,71.75,108.87,3.28,0.08
2021-02-09 00:00:00,3.27,4.12,40.01,47.64,106.48,2.48,0.06
2021-02-10 00:00:00,4.59,4.12,42.04,50.19,115.75,4.09,0.14
2021-02-11 00:00:00,5.54,3.26,41.63,47.81,103.54,4.93,0.19
2021-02-12 00:00:00,5.38,4.85,41.34,48.2,102.43,4.44,0.25
2021-02-13 00:00:00,6.77,5.23,38.41,46.2,88.77,6.27,0.44
2021-02-14 00:00:00,7.42,5.41,36.11,43.89,88.64,10.9,0.33
2021-02-15 00:00:00,8.31,6.31,48.44,56.68,92.92,5.8,0.03
2021-02-16 00:00:00,4.62,8.8,44.8,49.83,96.29,2.11,0.12
2021-02-17 00:00:00,4.24,8.23,54.19,61.62,99.23,2.69,0.12
2021-02-18 00:00:00,4.64,16.94,64.86,72.1,100.52,0.97,0.15
2021-02-19 00:00:00,7.65,4.83,60.89,67.7,92.48,2.24,0.06
2021-02-20 00:00:00,2.64,2.57,23.38,24.85,78.92,1.26,0.05
2021-02-21 00:00:00,2.39,1.82,11.44,12.14,73.19,1.12,0.04
2021-02-22 00:00:00,2.39,1.15,6.9,8.05,74.45,1.43,0.08
2021-02-23 00:00:00,6.29,1.73,14.63,17.92,62.53,3.09,0.11
2021-02-24 00:00:00,6.03,4.21,29.3,34.84,75.45,3.62,0.11
2021-02-25 00:00:00,10.19,5.24,52.7,60.81,85.88,8.19,0.39
2021-02-26 00:00:00,14.43,5.66,69.98,80.5,81.02,9.6,0.57
2021-02-27 00:00:00,11.16,9.03,77.36,86.1,96.65,9.54,0.16
2021-02-28 00:00:00,6.38,9.81,64.79,71.24,101.07,6.93,0.21
2021-03-01 00:00:00,5.92,9.28,43.32,49.12,102.28,5.44,0.29
2021-03-02 00:00:00,5.21,8.85,42.71,48.74,94.94,4.58,0.35
2021-03-03 00:00:00,5.23,8.87,41.95,49.75,89.62,4.36,0.47
2021-03-04 00:00:00,5.97,11.66,35.33,41.07,97.18,4.05,0.4
2021-03-05 00:00:00,7.16,3.39,31.9,37.75,78.61,5.33,0.46
2021-03-06 00:00:00,7.65,6.5,41.53,48.75,91.91,8.61,0.26
2021-03-07 00:00:00,4.44,4.97,40.05,45.8,91.88,5.29,0.09
2021-03-08 00:00:00,4.52,9.8,32.64,37.2,96.41,2.73,0.23
2021-03-09 00:00:00,5.46,7.54,22.55,27.09,79.25,3.79,0.83
2021-03-10 00:00:00,5.61,7.58,22.38,27.18,69.51,3.33,0.62
2021-03-11 00:00:00,2.57,2.65,9.06,11.12,66.12,1.55,0.07
2021-03-12 00:00:00,3.2,5.11,14.77,18.67,93.44,2.48,0.09
2021-03-13 00:00:00,4.98,16.85,27.31,32.36,101.91,3.67,0.35
2021-03-14 00:00:00,4.58,7.39,21.68,26.26,76.85,4.52,0.3
2021-03-15 00:00:00,5.79,8.77,24.44,28.44,85.56,5.31,0.38
2021-03-16 00:00:00,5.69,7.94,29.45,34.01,91.28,5.36,0.26
2021-03-17 00:00:00,5.8,8.65,32.04,36.73,98.26,4.72,0.51
2021-03-18 00:00:00,7.43,10.12,31.34,37.65,83.75,4.02,0.67
2021-03-19 00:00:00,6.91,5.66,38.63,46.56,84.72,6.16,0.57
2021-03-20 00:00:00,4.2,2.88,43.08,49.67,92.84,4.68,0.08
2021-03-21 00:00:00,3.94,2.21,26.79,31.18,77.41,4.69,0.1
2021-03-22 00:00:00,6.33,5.64,33.96,39.68,78.48,4.68,0.14
2021-03-23 00:00:00,6.32,6.71,37.51,42.78,85.58,5.44,0.36
2021-03-24 00:00:00,4.99,8.64,47.19,53.62,79.26,3.61,0.43
2021-03-25 00:00:00,5.41,5.43,29.77,35.15,61.69,3.52,0.39
2021-03-26 00:00:00,8.22,10.36,52.78,58.81,80.73,5.73,0.78
2021-03-27 00:00:00,4.02,9.6,33.54,37.7,86.85,2.92,0.11
2021-03-28 00:00:00,4.26,2.6,26.78,30.2,60.92,3.37,0.04
2021-03-29 00:00:00,3.12,1.81,29.19,33.89,73.37,2.54,0.06
2021-03-30 00:00:00,3.71,1.92,13.7,18.1,70.81,2.71,0.04
2021-03-31 00:00:00,6.73,2.36,27.95,36.26,72.1,7.97,0.39
2021-04-01 00:00:00,1.86,1.71,22.53,30.66,97.3,2.04,0.06
2021-04-02 00:00:00,2.98,1.76,27.75,41.22,91.82,3.38,0.07
2021-04-03 00:00:00,1.86,1.0,32.59,59.55,73.82,1.85,0.04
2021-04-04 00:00:00,1.9,1.48,30.47,46.96,88.07,2.34,0.06
2021-04-05 00:00:00,4.84,2.7,48.22,75.24,82.73,4.14,0.13
2021-04-06 00:00:00,6.56,4.84,50.71,68.94,85.91,4.69,0.14
2021-04-07 00:00:00,5.94,9.32,41.76,58.36,93.43,3.89,0.17
2021-04-08 00:00:00,4.84,4.2,25.8,37.32,73.72,3.46,0.02
2021-04-09 00:00:00,6.8,4.73,29.82,40.47,77.2,4.85,0.84
2021-04-10 00:00:00,4.71,4.55,27.24,34.32,91.86,3.35,0.24
2021-04-11 00:00:00,2.14,2.18,12.63,14.62,82.73,2.9,0.06
2021-04-12 00:00:00,2.69,2.9,6.58,7.32,69.08,1.26,0.03
2021-04-13 00:00:00,3.36,1.2,3.05,3.73,47.44,1.6,0.05
2021-04-14 00:00:00,4.21,1.05,2.28,3.17,41.26,1.78,0.04
2021-04-15 00:00:00,6.43,1.84,7.44,9.13,35.07,2.07,0.06
2021-04-16 00:00:00,4.23,1.35,9.51,10.97,57.53,1.93,0.08
2021-04-17 00:00:00,4.08,1.01,17.84,19.92,69.76,2.86,0.07
2021-04-18 00:00:00,4.72,0.91,20.38,23.22,51.19,2.76,0.15
2021-04-19 00:00:00,2.94,1.04,13.9,15.69,65.36,1.84,0.06
2021-04-20 00:00:00,4.32,1.01,6.29,7.78,60.83,2.01,0.01
2021-04-21 00:00:00,5.4,1.35,13.15,15.97,49.63,2.59,0.01
2021-04-22 00:00:00,4.16,1.51,14.49,16.85,61.88,2.0,0.04
2021-04-23 00:00:00,4.62,1.04,13.93,16.27,50.07,2.23,0.03
2021-04-24 00:00:00,4.9,0.96,9.24,10.76,47.4,1.82,0.02
2021-04-25 00:00:00,6.96,1.69,14.09,16.2,46.75,2.71,0.05
2021-04-26 00:00:00,4.0,1.05,14.94,17.31,58.67,2.44,0.04
2021-04-27 00:00:00,3.78,1.46,21.04,24.84,67.22,2.57,0.03
2021-04-28 00:00:00,10.34,2.02,35.79,45.38,45.64,4.28,0.09
2021-04-29 00:00:00,4.61,2.87,27.12,31.66,81.2,2.6,0.06
2021-04-30 00:00:00,8.43,3.1,33.19,38.72,71.65,3.28,0.06
2021-05-01 00:00:00,5.13,2.33,19.21,21.94,66.79,2.97,0.03
2021-05-02 00:00:00,2.61,0.74,3.7,4.46,56.6,1.87,0.05
2021-05-03 00:00:00,4.09,1.09,3.62,4.58,36.15,1.73,0.01
2021-05-04 00:00:00,7.05,0.9,4.64,6.18,23.74,2.14,0.04
2021-05-05 00:00:00,5.24,1.01,9.75,11.24,45.83,2.0,0.09
2021-05-06 00:00:00,2.84,1.17,5.71,6.71,58.22,1.74,0.08
2021-05-07 00:00:00,2.99,0.89,3.31,4.01,49.4,1.54,0.05
2021-05-08 00:00:00,3.11,1.95,6.02,6.86,52.39,1.65,0.05
2021-05-09 00:00:00,1.79,1.38,8.68,9.53,63.9,1.64,0.06
2021-05-10 00:00:00,3.03,1.03,8.16,9.16,58.71,1.61,0.04
2021-05-11 00:00:00,4.01,0.92,7.79,8.78,36.25,1.53,0.02
2021-05-12 00:00:00,7.78,2.0,7.27,8.53,27.77,1.54,0.05
2021-05-13 00:00:00,5.18,1.15,6.1,7.5,29.24,1.83,0.09
2021-05-14 00:00:00,4.28,0.89,3.41,4.37,24.27,1.33,0.08
2021-05-15 00:00:00,3.65,0.51,2.78,3.41,23.33,1.16,0.09
2021-05-16 00:00:00,3.7,0.62,2.28,3.05,19.36,1.5,0.08
2021-05-17 00:00:00,5.28,0.84,6.1,8.27,28.98,3.08,0.67
2021-05-18 00:00:00,4.23,0.82,5.44,7.38,34.49,2.26,0.31
2021-05-19 00:00:00,3.79,0.76,5.44,7.12,34.48,2.08,0.23
2021-05-20 00:00:00,2.68,0.68,1.72,2.74,29.96,1.54,0.12
2021-05-21 00:00:00,4.7,0.74,4.6,6.42,26.11,1.81,0.73
2021-05-22 00:00:00,3.02,0.67,3.53,4.27,32.31,1.27,0.08
2021-05-23 00:00:00,2.09,0.67,3.33,4.24,49.48,1.69,0.05
2021-05-24 00:00:00,2.2,0.7,7.26,9.06,55.37,1.55,0.05
2021-05-25 00:00:00,1.87,0.5,2.56,3.41,38.91,1.02,0.02
2021-05-26 00:00:00,1.66,0.46,2.22,2.97,45.57,1.04,0.05
2021-05-27 00:00:00,1.44,0.47,4.16,7.01,56.18,1.14,0.06
2021-05-28 00:00:00,2.04,0.56,4.15,7.88,43.78,1.49,0.1
2021-05-29 00:00:00,1.49,0.43,2.85,3.6,33.58,1.13,0.09
2021-05-30 00:00:00,0.93,0.31,1.64,2.2,38.09,1.07,0.06
2021-05-31 00:00:00,1.21,0.52,1.73,2.5,42.42,1.16,0.07
2021-06-01 00:00:00,2.17,0.67,1.31,2.06,31.53,1.26,0.06
2021-06-02 00:00:00,2.42,0.82,3.75,4.75,40.96,1.41,0.1
2021-06-03 00:00:00,4.15,0.84,4.23,5.35,30.06,1.42,0.05
2021-06-04 00:00:00,4.6,0.78,5.05,6.04,26.28,1.53,0.09
2021-06-05 00:00:00,3.37,0.55,4.13,5.29,25.93,1.6,0.04
2021-06-06 00:00:00,2.58,0.65,2.1,2.93,32.19,1.49,0.06
2021-06-07 00:00:00,2.36,0.78,3.41,4.69,42.18,1.64,0.1
2021-06-08 00:00:00,2.37,0.68,3.42,4.81,37.86,1.46,0.12
2021-06-09 00:00:00,1.82,0.54,2.69,3.74,40.05,1.28,0.09
2021-06-10 00:00:00,1.8,0.47,2.02,2.89,32.34,1.11,0.04
2021-06-11 00:00:00,1.73,0.44,1.92,3.07,33.94,1.12,0.03
2021-06-12 00:00:00,1.4,0.39,1.5,1.9,36.82,0.81,0.07
2021-06-13 00:00:00,1.26,0.23,1.5,1.76,31.28,0.61,0.03
2021-06-14 00:00:00,1.67,0.38,2.23,2.61,32.1,0.61,0.04
2021-06-15 00:00:00,1.84,0.55,1.79,2.18,26.88,0.67,0.11
2021-06-16 00:00:00,1.91,0.55,2.07,2.52,31.84,0.72,0.06
2021-06-17 00:00:00,1.87,0.5,1.52,2.02,24.61,0.78,0.02
2021-06-18 00:00:00,1.48,0.43,1.58,2.18,27.94,0.76,0.02
2021-06-19 00:00:00,1.12,0.33,1.45,2.09,31.49,0.84,0.02
2021-06-20 00:00:00,1.01,0.27,1.13,1.65,41.07,1.0,0.04
2021-06-21 00:00:00,1.34,0.35,1.43,2.21,44.52,1.21,0.06
2021-06-22 00:00:00,3.61,0.79,2.33,3.57,29.22,1.54,0.09
2021-06-23 00:00:00,3.78,0.8,3.2,4.55,28.58,1.73,0.09
2021-06-24 00:00:00,1.9,0.5,1.65,2.37,35.3,1.17,0.05
2021-06-25 00:00:00,2.11,0.56,3.63,5.11,40.69,1.34,0.07
2021-06-26 00:00:00,1.76,0.37,2.36,3.17,31.4,1.08,0.05
2021-06-27 00:00:00,1.95,0.45,1.69,2.41,32.05,1.55,0.04
2021-06-28 00:00:00,3.25,0.66,3.49,4.81,32.62,1.65,0.07
2021-06-29 00:00:00,3.14,0.93,3.92,5.52,39.82,2.07,0.31
2021-06-30 00:00:00,2.06,0.72,3.17,4.15,44.38,1.44,0.1
2021-07-01 00:00:00,2.68,0.58,3.12,4.01,34.42,1.29,0.11
2021-07-02 00:00:00,2.14,0.61,1.92,2.72,31.84,1.19,0.08
2021-07-03 00:00:00,2.23,0.45,1.96,2.85,30.78,1.43,0.06
2021-07-04 00:00:00,3.31,0.8,2.17,3.18,30.02,1.61,0.09
2021-07-05 00:00:00,4.0,1.16,3.48,4.75,33.8,1.67,0.17
2021-07-06 00:00:00,3.19,0.86,3.3,4.54,40.28,1.64,0.14
2021-07-07 00:00:00,3.91,0.88,3.19,4.45,29.56,1.69,0.11
2021-07-08 00:00:00,3.57,0.62,1.77,2.87,24.0,1.56,0.12
2021-07-09 00:00:00,2.98,0.41,1.6,2.22,26.0,0.95,0.08
2021-07-10 00:00:00,2.1,0.28,1.92,2.25,32.06,0.68,0.03
2021-07-11 00:00:00,1.29,0.22,1.54,1.88,37.03,0.73,0.03
2021-07-12 00:00:00,1.91,0.35,2.7,3.14,34.29,0.76,0.04
2021-07-13 00:00:00,1.91,0.37,2.77,3.26,24.03,0.76,0.04
2021-07-14 00:00:00,1.96,0.33,2.72,3.18,27.58,0.73,0.05
2021-07-15 00:00:00,1.77,0.31,2.49,2.89,28.48,0.71,0.05
2021-07-16 00:00:00,2.56,0.39,3.02,3.63,30.34,0.83,0.08
2021-07-17 00:00:00,1.99,0.32,2.18,2.73,35.57,1.0,0.04
2021-07-18 00:00:00,1.67,0.25,1.7,2.0,34.36,0.65,0.05
2021-07-19 00:00:00,1.32,0.29,2.26,2.82,43.03,0.78,0.06
2021-07-20 00:00:00,1.64,0.35,1.42,2.05,39.21,0.87,0.04
2021-07-21 00:00:00,1.87,0.31,1.34,1.73,31.34,0.73,0.02
2021-07-22 00:00:00,1.72,0.35,2.6,2.99,34.26,0.5,0.04
2021-07-23 00:00:00,2.08,0.42,2.45,2.87,30.9,0.64,0.05
2021-07-24 00:00:00,1.51,0.34,2.0,2.48,27.82,0.89,0.08
2021-07-25 00:00:00,1.32,0.36,2.23,2.7,31.34,0.86,0.07
2021-07-26 00:00:00,1.54,0.3,2.31,2.91,36.82,0.91,0.04
2021-07-27 00:00:00,1.64,0.46,1.88,2.47,34.72,0.9,0.06
2021-07-28 00:00:00,1.67,0.47,1.72,2.27,36.06,0.88,0.04
2021-07-29 00:00:00,1.74,0.38,1.53,2.12,35.45,0.91,0.03
2021-07-30 00:00:00,1.72,0.34,1.36,2.01,34.85,0.9,0.04
2021-07-31 00:00:00,1.43,0.29,1.23,1.99,35.7,0.92,0.04
2021-08-01 00:00:00,1.19,0.32,2.33,3.85,37.03,0.94,0.06
2021-08-02 00:00:00,1.33,0.47,1.69,2.71,41.13,0.89,0.04
2021-08-03 00:00:00,1.52,0.41,1.58,2.24,38.19,0.88,0.05
2021-08-04 00:00:00,1.55,0.33,1.21,1.8,32.26,0.94,0.07
2021-08-05 00:00:00,1.76,0.37,1.46,1.97,26.93,0.83,0.06
2021-08-06 00:00:00,1.81,0.39,1.68,2.14,25.16,0.83,0.06
2021-08-07 00:00:00,1.56,0.35,1.86,2.36,27.48,0.99,0.08
2021-08-08 00:00:00,1.79,0.46,2.25,2.98,34.02,1.2,0.08
2021-08-09 00:00:00,2.29,0.5,2.34,3.19,33.67,1.29,0.07
2021-08-10 00:00:00,2.48,0.43,1.38,2.08,32.56,1.18,0.05
2021-08-11 00:00:00,3.08,0.59,1.43,2.19,31.98,1.17,0.06
2021-08-12 00:00:00,3.13,0.42,1.59,2.25,26.41,0.99,0.04
2021-08-13 00:00:00,3.07,0.63,2.06,2.96,36.18,1.22,0.07
2021-08-14 00:00:00,1.91,0.34,1.4,2.0,35.96,1.02,0.03
2021-08-15 00:00:00,1.74,0.34,1.52,2.14,36.15,1.2,0.01
2021-08-16 00:00:00,2.29,0.43,1.9,2.6,32.02,1.06,0.04
2021-08-17 00:00:00,2.42,0.47,2.88,3.86,24.03,1.25,0.07
2021-08-18 00:00:00,2.15,0.5,2.78,3.55,25.56,1.07,0.06
2021-08-19 00:00:00,2.04,0.41,2.2,2.85,29.71,1.0,0.05
2021-08-20 00:00:00,3.14,0.59,2.75,4.13,31.72,1.85,0.08
2021-08-21 00:00:00,4.41,0.61,4.11,5.78,24.32,1.86,0.07
2021-08-22 00:00:00,3.64,0.92,7.09,8.72,39.96,2.17,0.1
2021-08-23 00:00:00,3.44,0.93,7.48,9.15,40.44,1.8,0.1
2021-08-24 00:00:00,3.2,1.0,6.02,7.33,38.5,1.72,0.16
2021-08-25 00:00:00,2.92,1.06,4.34,5.53,34.05,1.56,0.14
2021-08-26 00:00:00,2.62,0.98,4.65,5.88,39.41,1.48,0.14
2021-08-27 00:00:00,3.6,0.75,2.74,3.66,26.54,1.12,0.1
2021-08-28 00:00:00,1.89,0.26,1.5,1.84,24.09,0.72,0.06
2021-08-29 00:00:00,1.8,0.22,1.29,1.6,25.34,0.67,0.04
2021-08-30 00:00:00,1.71,0.31,1.54,2.13,33.54,0.91,0.05
2021-08-31 00:00:00,2.2,0.52,2.5,3.46,35.2,1.35,0.06
2021-09-01 00:00:00,2.69,0.57,2.89,4.0,31.59,1.46,0.08
2021-09-02 00:00:00,2.87,0.51,2.13,2.98,35.96,1.19,0.03
2021-09-03 00:00:00,2.49,0.41,2.56,3.34,37.89,1.06,0.06
2021-09-04 00:00:00,2.18,0.39,2.74,3.31,33.69,0.96,0.02
2021-09-05 00:00:00,1.93,0.33,1.63,2.13,28.54,0.98,0.07
2021-09-06 00:00:00,2.14,0.31,1.78,2.19,25.82,0.72,0.07
2021-09-07 00:00:00,1.83,0.47,2.18,2.65,30.38,0.77,0.04
2021-09-08 00:00:00,1.56,0.58,1.68,2.37,41.43,0.95,0.07
2021-09-09 00:00:00,1.64,0.51,2.27,3.3,45.76,1.18,0.08
2021-09-10 00:00:00,2.2,0.45,1.7,2.53,36.39,1.22,0.03
2021-09-11 00:00:00,1.58,0.42,1.84,2.48,30.12,0.99,0.02
2021-09-12 00:00:00,1.61,0.45,1.31,1.69,31.69,0.85,0.03
2021-09-13 00:00:00,1.76,0.5,1.34,1.77,30.09,0.85,0.02
2021-09-14 00:00:00,1.89,0.57,1.38,1.96,26.64,0.99,0.03
2021-09-15 00:00:00,2.23,0.71,2.89,3.94,29.82,1.38,0.1
2021-09-16 00:00:00,2.31,0.64,2.72,3.73,32.89,1.33,0.07
2021-09-17 00:00:00,3.04,0.66,4.91,6.72,42.55,1.95,0.24
2021-09-18 00:00:00,2.82,0.71,4.45,6.1,40.05,1.88,0.08
2021-09-19 00:00:00,4.01,0.9,8.24,10.31,47.33,2.55,0.18
2021-09-20 00:00:00,4.81,1.12,6.71,8.7,36.5,2.45,0.19
2021-09-21 00:00:00,3.01,0.77,5.31,6.96,42.19,1.66,0.14
2021-09-22 00:00:00,3.07,0.67,1.93,2.95,27.03,1.49,0.1
2021-09-23 00:00:00,2.88,0.56,1.89,2.84,29.24,1.36,0.12
2021-09-24 00:00:00,3.1,1.08,3.49,4.71,40.53,1.61,0.16
2021-09-25 00:00:00,2.17,0.56,3.0,3.86,37.52,1.25,0.09
2021-09-26 00:00:00,2.76,0.84,1.96,2.9,27.09,1.5,0.11
2021-09-27 00:00:00,2.3,0.47,1.6,2.2,25.46,1.01,0.03
2021-09-28 00:00:00,1.76,0.55,1.38,1.88,29.44,0.9,0.04
2021-09-29 00:00:00,2.3,0.52,1.51,2.32,27.19,1.23,0.05
2021-09-30 00:00:00,3.15,0.83,3.97,5.55,39.33,1.81,0.13
2021-10-01 00:00:00,4.9,2.03,10.88,11.99,57.15,1.17,0.1
2021-10-02 00:00:00,4.17,1.84,18.85,20.15,72.84,1.16,0.06
2021-10-03 00:00:00,3.48,1.42,14.26,15.26,55.49,1.44,0.05
2021-10-04 00:00:00,5.15,1.25,8.7,10.0,35.85,1.47,0.07
2021-10-05 00:00:00,6.32,1.84,12.28,13.6,31.99,1.5,0.06
2021-10-06 00:00:00,5.62,1.31,12.11,13.3,35.25,1.4,0.14
2021-10-07 00:00:00,6.03,0.95,11.15,13.34,36.43,2.6,0.07
2021-10-08 00:00:00,4.27,0.84,3.93,5.07,32.96,1.54,0.08
2021-10-09 00:00:00,2.96,0.54,2.1,2.93,33.65,1.18,0.04
2021-10-10 00:00:00,3.55,0.59,3.4,4.45,21.24,1.48,0.11
2021-10-11 00:00:00,3.47,0.67,2.64,3.76,22.76,1.39,0.1
2021-10-12 00:00:00,3.26,0.49,2.71,3.35,22.41,0.93,0.08
2021-10-13 00:00:00,2.77,0.62,2.22,3.08,36.81,1.16,0.05
2021-10-14 00:00:00,5.67,1.24,3.64,5.79,30.48,2.45,0.14
2021-10-15 00:00:00,8.37,1.81,8.59,11.03,30.97,2.48,0.2
2021-10-16 00:00:00,8.91,1.81,14.22,15.86,33.98,2.02,0.18
2021-10-17 00:00:00,4.54,1.13,9.66,10.51,57.85,1.21,0.03
2021-10-18 00:00:00,2.58,0.64,6.43,7.54,71.2,1.42,0.02
2021-10-19 00:00:00,9.59,1.56,11.48,16.06,57.88,3.08,0.54
2021-10-20 00:00:00,7.82,1.62,19.43,23.02,40.0,2.4,0.05
2021-10-21 00:00:00,6.57,1.49,17.26,18.77,50.25,1.51,0.09
2021-10-22 00:00:00,6.71,1.68,10.93,12.54,46.55,1.25,0.04
2021-10-23 00:00:00,4.2,0.73,9.36,10.31,43.74,1.71,0.07
2021-10-24 00:00:00,4.53,1.62,10.24,11.53,48.61,1.69,0.07
2021-10-25 00:00:00,4.89,1.16,13.97,15.39,64.64,2.24,0.24
2021-10-26 00:00:00,3.63,0.58,4.44,5.58,67.56,1.79,0.07
2021-10-27 00:00:00,5.18,1.65,19.82,22.11,70.92,1.43,0.06
2021-10-28 00:00:00,7.21,1.86,38.7,43.24,64.19,6.46,0.64
2021-10-29 00:00:00,4.8,0.9,28.05,31.06,58.66,1.54,0.13
2021-10-30 00:00:00,4.93,0.61,5.61,6.29,27.14,1.13,0.15
2021-10-31 00:00:00,2.8,0.3,2.08,2.62,32.11,1.1,0.04
2021-11-01 00:00:00,3.86,0.49,2.99,3.64,29.44,1.09,0.07
2021-11-02 00:00:00,5.0,1.76,3.13,3.67,29.79,0.79,0.08
2021-11-03 00:00:00,7.99,4.77,6.32,7.02,19.27,0.59,0.18
2021-11-04 00:00:00,8.84,2.73,10.4,11.2,27.44,0.99,0.3
2021-11-05 00:00:00,8.53,1.0,10.87,12.36,28.44,1.86,0.13
2021-11-06 00:00:00,7.06,1.65,12.37,13.38,32.28,1.33,0.12
2021-11-07 00:00:00,4.7,1.87,13.86,14.8,63.14,1.55,0.03
2021-11-08 00:00:00,3.8,2.01,27.01,28.08,81.3,1.01,0.02
2021-11-09 00:00:00,8.3,3.76,62.69,67.43,67.41,1.79,0.06
2021-11-10 00:00:00,8.44,3.77,87.42,92.71,77.41,1.58,0.09
2021-11-11 00:00:00,5.64,2.99,93.34,95.12,85.95,0.85,0.08
2021-11-12 00:00:00,5.38,3.46,48.64,49.72,64.4,0.97,0.07
2021-11-13 00:00:00,4.59,1.28,27.87,28.88,48.47,1.44,0.03
2021-11-14 00:00:00,3.88,0.59,10.93,11.8,45.9,1.6,0.01
2021-11-15 00:00:00,5.43,0.76,6.53,7.81,42.42,1.83,0.02
2021-11-16 00:00:00,6.06,0.8,8.16,9.31,30.78,1.67,0.09
2021-11-17 00:00:00,6.25,0.78,11.66,12.75,43.54,1.74,0.06
2021-11-18 00:00:00,8.61,2.57,18.3,19.96,43.82,1.37,0.16
2021-11-19 00:00:00,6.59,1.62,11.46,12.62,37.77,1.3,0.11
2021-11-20 00:00:00,3.71,0.68,8.35,9.99,43.3,1.96,0.22
2021-11-21 00:00:00,6.72,0.75,8.7,11.93,41.12,2.83,0.36
2021-11-22 00:00:00,5.82,1.55,14.44,16.72,44.38,1.73,0.04
2021-11-23 00:00:00,4.5,0.53,9.86,11.09,36.69,1.9,0.06
2021-11-24 00:00:00,5.72,0.83,7.93,9.87,40.25,2.23,0.12
2021-11-25 00:00:00,4.5,0.58,6.94,8.62,33.51,1.58,0.07
2021-11-26 00:00:00,4.29,0.56,13.85,15.88,42.95,1.47,0.07
2021-11-27 00:00:00,3.99,1.48,23.58,24.52,54.7,0.98,0.04
2021-11-28 00:00:00,3.95,0.72,16.91,17.38,31.77,0.86,0.05
2021-11-29 00:00:00,4.96,1.3,2.69,3.24,29.06,0.75,0.12
2021-11-30 00:00:00,4.16,3.94,7.89,8.67,52.93,0.65,0.08
2021-12-01 00:00:00,4.46,4.87,13.04,14.24,58.64,0.8,0.08
2021-12-02 00:00:00,7.72,2.59,22.91,25.55,56.52,1.82,0.2
2021-12-03 00:00:00,7.79,1.31,27.04,30.45,48.36,3.51,0.32
2021-12-04 00:00:00,10.43,2.08,30.34,32.77,59.11,9.96,0.17
2021-12-05 00:00:00,5.15,1.22,23.9,26.03,58.61,4.58,0.19
2021-12-06 00:00:00,8.77,1.84,25.23,28.19,55.14,8.04,0.53
2021-12-07 00:00:00,5.39,1.23,26.29,27.94,69.99,1.35,0.06
2021-12-08 00:00:00,5.38,1.7,39.55,42.37,60.51,1.54,0.12
2021-12-09 00:00:00,3.02,0.83,15.94,17.57,59.56,1.45,0.09
2021-12-10 00:00:00,5.49,1.09,10.31,12.84,55.64,1.52,0.09
2021-12-11 00:00:00,2.66,0.75,7.31,8.69,58.38,1.12,0.06
2021-12-12 00:00:00,2.07,0.44,4.92,5.52,53.79,0.89,0.05
2021-12-13 00:00:00,2.25,0.45,5.83,6.53,61.82,0.93,0.04
2021-12-14 00:00:00,2.58,0.64,4.49,5.13,73.73,0.9,0.02
2021-12-15 00:00:00,3.87,0.75,6.67,8.59,68.52,1.64,0.06
2021-12-16 00:00:00,4.42,0.59,21.37,24.8,64.18,1.82,0.05
2021-12-17 00:00:00,5.32,0.74,56.95,61.88,61.68,1.82,0.18
2021-12-18 00:00:00,4.62,1.38,117.18,124.71,80.3,1.38,0.1
2021-12-19 00:00:00,3.58,1.73,103.92,109.14,84.06,1.68,0.08
2021-12-20 00:00:00,5.07,1.05,45.18,54.17,72.73,2.12,0.17
2021-12-21 00:00:00,7.61,3.99,65.75,78.92,72.85,2.39,0.26
2021-12-22 00:00:00,8.54,3.24,73.4,83.77,77.34,5.75,0.68
2021-12-23 00:00:00,9.24,4.76,90.41,99.9,91.63,7.22,0.29
2021-12-24 00:00:00,9.73,4.47,102.5,112.2,80.68,7.13,0.57
2021-12-25 00:00:00,8.16,4.66,91.65,100.0,85.58,9.62,0.29
2021-12-26 00:00:00,5.74,4.2,70.87,78.48,89.56,7.38,0.31
2021-12-27 00:00:00,6.55,6.44,70.37,79.59,77.49,2.72,0.45
2021-12-28 00:00:00,4.93,3.78,37.7,44.69,74.8,2.44,0.09
2021-12-29 00:00:00,4.88,3.66,23.92,28.39,67.29,2.18,0.07
2021-12-30 00:00:00,3.58,2.05,15.3,19.78,64.66,1.5,0.22
2021-12-31 00:00:00,1.98,1.09,6.15,6.72,77.72,0.64,0.05
2022-01-01 00:00:00,1.66,0.84,5.61,6.06,74.6,0.68,0.02
2022-01-02 00:00:00,1.88,0.8,8.45,10.16,60.35,1.04,0.05
2022-01-03 00:00:00,2.95,1.72,14.91,18.36,72.75,1.64,0.09
2022-01-04 00:00:00,3.37,1.41,20.73,24.72,76.71,1.87,0.08
2022-01-05 00:00:00,5.56,1.43,34.67,40.72,76.89,2.79,0.15
2022-01-06 00:00:00,4.94,4.93,48.89,56.54,81.5,2.11,0.16
2022-01-07 00:00:00,5.73,4.38,34.41,39.9,69.0,2.04,0.28
2022-01-08 00:00:00,4.56,3.9,29.65,34.85,62.53,1.95,0.21
2022-01-09 00:00:00,3.81,4.08,24.92,29.43,68.84,1.9,0.13
2022-01-10 00:00:00,6.69,3.81,30.16,35.6,61.69,2.74,0.26
2022-01-11 00:00:00,7.32,11.99,56.83,65.36,68.35,3.31,0.87
2022-01-12 00:00:00,5.55,2.49,23.86,27.35,66.16,2.81,0.15
2022-01-13 00:00:00,9.14,1.83,25.24,30.93,63.11,5.1,0.25
2022-01-14 00:00:00,11.12,1.63,24.82,30.84,54.48,6.13,0.26
2022-01-15 00:00:00,7.2,1.36,23.19,28.49,62.05,4.94,0.62
2022-01-16 00:00:00,4.54,2.76,10.92,12.4,45.19,1.42,0.08
2022-01-17 00:00:00,2.3,0.77,2.78,3.46,61.96,1.16,0.03
2022-01-18 00:00:00,3.57,1.42,11.82,14.76,65.79,1.79,0.11
2022-01-19 00:00:00,4.68,3.47,23.71,28.03,90.27,2.73,0.08
2022-01-20 00:00:00,10.46,2.79,35.28,40.97,78.6,6.01,0.17
2022-01-21 00:00:00,13.59,2.95,50.92,59.65,72.24,7.62,0.48
2022-01-22 00:00:00,12.27,2.08,53.59,62.99,61.88,8.24,0.13
2022-01-23 00:00:00,9.49,1.0,36.28,45.67,27.75,6.74,0.0
2022-01-24 00:00:00,5.6,1.94,21.73,30.48,73.54,5.51,1.27
2022-01-25 00:00:00,5.26,1.77,20.75,40.31,69.05,4.09,0.1
2022-01-26 00:00:00,3.9,1.34,14.78,19.12,62.67,3.41,0.11
2022-01-27 00:00:00,3.39,2.18,9.35,11.12,68.31,1.76,0.07
2022-01-28 00:00:00,2.25,2.33,9.32,10.32,66.92,0.9,0.08
2022-01-29 00:00:00,2.02,0.99,17.75,20.07,74.48,1.09,0.03
2022-01-30 00:00:00,2.18,1.32,27.54,29.99,81.3,1.32,0.07
2022-01-31 00:00:00,3.79,3.17,32.59,35.73,85.32,1.94,0.09
2022-02-01 00:00:00,4.87,4.31,49.19,55.65,85.74,2.46,0.14
2022-02-02 00:00:00,7.6,5.41,71.24,80.18,92.73,4.95,0.31
2022-02-03 00:00:00,4.93,4.82,72.34,80.5,103.89,4.17,0.11
2022-02-04 00:00:00,4.74,2.14,47.53,56.13,92.06,3.85,0.13
2022-02-05 00:00:00,9.02,2.32,43.48,53.71,75.88,8.78,0.14
2022-02-06 00:00:00,5.69,6.71,39.47,44.92,83.1,3.69,0.09
2022-02-07 00:00:00,4.71,2.98,27.12,31.15,82.88,3.09,0.06
2022-02-08 00:00:00,5.35,3.85,32.69,39.57,82.49,4.16,0.11
2022-02-09 00:00:00,3.77,2.01,30.32,36.59,89.62,3.39,0.09
2022-02-10 00:00:00,4.08,2.49,22.16,28.5,84.46,2.9,0.1
2022-02-11 00:00:00,3.76,1.45,23.86,30.21,87.11,3.07,0.15
2022-02-12 00:00:00,3.58,2.24,26.0,31.29,69.04,2.71,0.12
2022-02-13 00:00:00,3.13,2.93,29.49,36.6,83.71,2.71,0.08
2022-02-14 00:00:00,4.84,4.81,36.79,43.24,91.16,2.77,0.09
2022-02-15 00:00:00,5.4,3.97,33.58,39.46,90.99,3.32,0.06
2022-02-16 00:00:00,4.89,5.08,46.25,54.75,94.77,4.06,0.09
2022-02-17 00:00:00,4.04,7.51,54.85,63.9,99.78,2.54,0.09
2022-02-18 00:00:00,3.46,2.97,35.59,42.82,98.85,2.73,0.1
2022-02-19 00:00:00,3.32,2.15,30.85,39.08,91.43,2.85,0.11
2022-02-20 00:00:00,4.63,1.54,28.92,39.11,51.5,6.22,0.0
2022-02-21 00:00:00,9.42,3.48,54.99,64.67,101.96,6.32,1.33
2022-02-22 00:00:00,7.57,6.46,64.67,75.0,97.84,4.72,0.11
2022-02-23 00:00:00,6.16,12.79,36.07,41.93,81.6,3.19,0.51
2022-02-24 00:00:00,4.42,1.27,14.69,19.29,77.23,3.34,0.18
2022-02-25 00:00:00,4.09,3.03,26.23,31.64,94.41,3.64,0.18
2022-02-26 00:00:00,3.98,4.89,30.28,36.72,93.49,3.9,0.16
2022-02-27 00:00:00,2.82,1.4,14.68,18.56,71.94,2.79,0.07
2022-02-28 00:00:00,4.99,3.37,20.54,25.56,72.29,3.77,0.19
2022-03-01 00:00:00,4.78,6.18,19.39,23.65,66.85,3.79,0.25
2022-03-02 00:00:00,3.11,1.59,19.12,21.88,80.08,2.92,0.12
2022-03-03 00:00:00,2.94,1.73,27.69,31.42,86.7,2.52,0.11
2022-03-04 00:00:00,4.11,2.04,33.28,38.9,97.8,3.66,0.26
2022-03-05 00:00:00,3.26,1.37,34.06,41.16,79.91,3.9,0.17
2022-03-06 00:00:00,3.48,0.69,17.97,22.01,57.75,4.24,0.29
2022-03-07 00:00:00,2.88,0.66,8.47,10.0,60.35,1.75,0.21
2022-03-08 00:00:00,2.1,3.44,14.77,17.22,71.47,1.11,0.06
2022-03-09 00:00:00,3.48,9.69,48.72,55.84,89.82,1.82,0.12
2022-03-10 00:00:00,6.33,7.54,70.87,78.41,91.85,4.55,0.23
2022-03-11 00:00:00,7.03,5.66,56.05,62.8,88.76,6.43,0.41
2022-03-12 00:00:00,4.12,3.6,50.43,55.28,100.91,4.06,0.17
2022-03-13 00:00:00,3.85,3.4,65.81,71.03,107.23,3.75,0.16
2022-03-14 00:00:00,4.66,3.22,79.37,85.37,104.49,3.52,0.12
2022-03-15 00:00:00,7.11,5.29,95.09,103.77,107.44,5.28,0.07
2022-03-16 00:00:00,9.77,3.42,61.96,70.42,81.42,4.66,0.03
2022-03-17 00:00:00,6.66,1.75,49.44,57.57,78.95,3.3,0.14
2022-03-18 00:00:00,5.3,2.34,51.94,63.09,73.74,2.64,0.06
2022-03-19 00:00:00,3.49,1.91,36.21,44.81,71.36,3.15,0.15
2022-03-20 00:00:00,2.5,1.05,18.81,22.57,71.44,2.34,0.01
2022-03-21 00:00:00,3.87,1.26,23.59,29.34,69.89,3.57,0.2
2022-03-22 00:00:00,5.82,1.21,24.13,29.39,64.08,2.69,0.02
2022-03-23 00:00:00,10.42,1.97,43.11,50.5,66.78,3.63,0.86
2022-03-24 00:00:00,4.1,1.21,29.19,32.59,74.57,2.37,0.09
2022-03-25 00:00:00,4.12,1.58,21.62,24.95,66.06,2.87,0.15
2022-03-26 00:00:00,5.43,1.33,29.99,34.25,64.55,3.35,0.1
2022-03-27 00:00:00,5.98,2.36,27.9,32.28,69.35,5.79,0.17
2022-03-28 00:00:00,5.71,2.26,21.35,25.4,66.55,3.92,0.1
2022-03-29 00:00:00,2.97,1.8,28.91,34.48,80.06,2.83,0.07
2022-03-30 00:00:00,3.08,1.72,24.48,29.06,77.22,2.89,0.06
2022-03-31 00:00:00,4.89,2.46,33.17,39.19,73.99,3.68,0.08
2022-04-01 00:00:00,7.26,2.75,35.46,42.9,73.21,4.72,0.23
2022-04-02 00:00:00,3.6,1.75,23.45,27.06,77.62,3.28,0.09
2022-04-03 00:00:00,2.89,3.54,25.44,28.32,86.96,2.63,0.08
2022-04-04 00:00:00,3.95,2.76,17.17,20.64,75.74,3.19,0.13
2022-04-05 00:00:00,4.29,7.22,11.2,13.93,68.63,2.56,0.12
2022-04-06 00:00:00,5.16,3.84,14.61,18.43,70.17,4.2,0.44
2022-04-07 00:00:00,3.81,1.85,16.97,19.81,74.45,2.35,0.1
2022-04-08 00:00:00,4.79,4.13,18.14,21.22,70.82,3.39,0.18
2022-04-09 00:00:00,2.98,1.66,11.22,12.84,69.99,1.94,0.08
2022-04-10 00:00:00,2.79,2.27,10.6,11.94,64.55,1.81,0.04
2022-04-11 00:00:00,3.47,2.99,10.84,12.4,57.49,1.92,0.1
2022-04-12 00:00:00,8.86,4.21,15.39,16.54,31.14,1.24,0.16
2022-04-13 00:00:00,9.68,2.91,16.58,17.57,30.39,0.88,0.27
2022-04-14 00:00:00,4.65,0.72,6.98,8.41,45.8,2.25,0.09
2022-04-15 00:00:00,5.02,0.93,10.27,12.76,51.06,2.83,0.14
2022-04-16 00:00:00,3.33,1.18,14.96,16.45,75.34,1.84,0.04
2022-04-17 00:00:00,3.8,0.85,10.97,12.66,52.29,2.44,0.09
2022-04-18 00:00:00,4.93,1.81,11.36,13.65,59.6,3.24,0.18
2022-04-19 00:00:00,7.23,1.81,13.14,15.83,58.38,2.81,0.16
2022-04-20 00:00:00,6.42,1.68,23.12,27.18,69.03,3.37,0.24
2022-04-21 00:00:00,6.97,3.07,45.39,52.27,76.48,4.27,0.14
2022-04-22 00:00:00,7.78,3.4,28.25,33.98,75.74,9.96,0.61
2022-04-23 00:00:00,2.73,1.18,4.62,5.44,57.28,1.84,0.05
2022-04-24 00:00:00,4.75,1.28,8.24,10.28,48.37,3.43,0.06
2022-04-25 00:00:00,8.9,1.72,22.3,27.16,58.86,4.47,0.23
2022-04-26 00:00:00,6.85,2.04,33.54,39.5,68.35,4.43,0.56
2022-04-27 00:00:00,7.95,3.26,43.51,51.49,74.36,4.91,0.91
2022-04-28 00:00:00,5.1,1.94,33.04,38.31,76.7,3.84,0.12
2022-04-29 00:00:00,3.84,1.94,26.87,31.35,86.11,2.55,0.13
2022-04-30 00:00:00,2.79,1.54,11.39,13.74,72.67,2.33,0.04
2022-05-01 00:00:00,2.41,1.16,6.37,8.34,57.78,1.86,0.03
2022-05-02 00:00:00,3.16,1.39,13.81,16.68,77.93,2.22,0.06
2022-05-03 00:00:00,6.11,1.51,18.26,23.41,60.54,3.35,0.13
2022-05-04 00:00:00,6.81,2.14,25.08,31.19,72.65,3.76,0.13
2022-05-05 00:00:00,5.36,2.15,14.26,16.73,73.95,2.41,0.21
2022-05-06 00:00:00,5.36,2.1,18.04,20.72,80.51,2.35,0.23
2022-05-07 00:00:00,6.28,2.01,23.62,27.64,69.67,3.63,0.22
2022-05-08 00:00:00,5.09,1.78,23.68,33.64,64.04,2.58,0.16
2022-05-09 00:00:00,4.3,1.49,21.17,29.4,50.96,2.03,0.01
2022-05-10 00:00:00,2.36,0.6,9.58,11.8,55.12,1.26,0.0
2022-05-11 00:00:00,1.91,0.57,11.89,14.33,52.39,0.94,0.01
2022-05-12 00:00:00,2.37,0.62,12.31,13.33,53.78,0.86,0.0
2022-05-13 00:00:00,2.67,0.59,6.57,7.23,43.14,0.91,0.01
2022-05-14 00:00:00,2.69,0.51,4.51,5.85,37.71,1.27,0.01
2022-05-15 00:00:00,2.68,0.46,4.52,5.69,40.59,1.2,0.01
2022-05-16 00:00:00,4.75,1.34,5.2,7.07,38.3,1.57,0.04
2022-05-17 00:00:00,5.82,1.02,6.39,7.72,37.1,1.64,0.06
2022-05-18 00:00:00,5.26,1.14,8.79,9.84,35.64,1.31,0.04
2022-05-19 00:00:00,2.73,0.64,10.91,11.61,56.16,1.08,0.01
2022-05-20 00:00:00,2.66,0.53,3.58,4.5,38.42,1.66,0.04
2022-05-21 00:00:00,1.83,0.39,1.11,1.67,27.81,1.14,0.07
2022-05-22 00:00:00,1.17,0.24,0.78,1.21,30.91,0.88,0.04
2022-05-23 00:00:00,1.93,0.56,1.39,2.21,35.76,1.22,0.05
2022-05-24 00:00:00,2.64,1.07,3.76,5.14,40.8,1.65,0.1
2022-05-25 00:00:00,3.52,1.23,5.95,8.26,50.21,1.94,0.09
2022-05-26 00:00:00,3.85,0.82,8.05,10.23,45.76,2.11,0.09
2022-05-27 00:00:00,2.77,0.69,4.48,6.18,44.26,1.63,0.08
2022-05-28 00:00:00,2.18,0.6,3.83,5.04,38.98,1.66,0.13
2022-05-29 00:00:00,1.84,0.69,2.48,3.44,37.91,1.58,0.09
2022-05-30 00:00:00,2.15,0.77,2.72,4.18,47.38,1.7,0.12
2022-05-31 00:00:00,2.8,0.7,1.37,2.37,35.85,1.48,0.04
2022-06-01 00:00:00,3.02,0.87,3.32,4.53,38.49,1.52,0.12
2022-06-02 00:00:00,2.83,0.72,2.86,4.09,42.88,1.62,0.08
2022-06-03 00:00:00,2.47,0.77,3.82,5.01,49.23,1.6,0.07
2022-06-04 00:00:00,2.37,0.98,8.04,9.72,61.63,1.96,0.1
2022-06-05 00:00:00,2.64,0.76,6.13,7.85,47.33,1.83,0.08
2022-06-06 00:00:00,3.66,0.65,3.4,5.36,41.29,1.94,0.03
2022-06-07 00:00:00,4.79,1.51,6.29,7.65,27.61,1.42,0.17
2022-06-08 00:00:00,2.48,0.59,1.85,2.85,29.88,1.43,0.13
2022-06-09 00:00:00,2.17,0.61,1.5,2.41,32.52,1.32,0.07
2022-06-10 00:00:00,3.05,0.76,1.48,2.43,27.02,1.34,0.08
2022-06-11 00:00:00,2.26,0.65,1.22,1.9,30.04,1.25,0.07
2022-06-12 00:00:00,2.22,0.51,1.29,1.94,27.51,1.26,0.05
2022-06-13 00:00:00,2.11,0.46,0.85,1.73,25.9,1.38,0.1
2022-06-14 00:00:00,3.37,0.74,1.48,2.71,23.19,1.73,0.08
2022-06-15 00:00:00,3.78,0.94,1.45,2.51,23.51,1.55,0.09
2022-06-16 00:00:00,2.96,0.55,1.88,2.83,30.07,1.38,0.11
2022-06-17 00:00:00,4.46,0.97,3.52,4.76,29.27,1.73,0.17
2022-06-18 00:00:00,3.31,0.46,2.76,3.71,22.08,1.56,0.08
2022-06-19 00:00:00,2.25,0.46,1.59,2.25,26.22,1.32,0.04
2022-06-20 00:00:00,2.13,0.55,1.36,2.12,30.07,1.23,0.08
2022-06-21 00:00:00,1.74,0.34,1.17,1.76,30.78,1.0,0.04
2022-06-22 00:00:00,2.05,0.59,1.65,2.42,32.48,1.21,0.06
2022-06-23 00:00:00,2.65,0.63,1.29,2.07,32.17,1.38,0.05
2022-06-24 00:00:00,1.65,0.39,0.67,1.21,36.33,1.0,0.04
2022-06-25 00:00:00,1.09,0.22,0.75,1.06,33.88,0.73,0.04
2022-06-26 00:00:00,1.04,0.32,1.11,1.6,30.71,0.78,0.02
2022-06-27 00:00:00,1.42,0.4,0.96,1.59,32.38,0.93,0.02
2022-06-28 00:00:00,1.86,0.43,1.07,1.71,32.51,1.03,0.04
2022-06-29 00:00:00,1.55,0.28,0.73,1.26,31.29,0.96,0.04
2022-06-30 00:00:00,2.04,0.37,1.09,1.64,26.38,0.9,0.06
2022-07-01 00:00:00,1.99,0.31,0.92,1.46,29.66,0.9,0.04
2022-07-02 00:00:00,1.68,0.31,1.07,1.56,32.31,0.96,0.03
2022-07-03 00:00:00,1.45,0.28,0.75,1.12,29.56,0.88,0.03
2022-07-04 00:00:00,1.64,0.31,1.14,1.52,31.59,0.71,0.04
2022-07-05 00:00:00,1.59,0.27,1.66,1.99,33.66,0.55,0.05
2022-07-06 00:00:00,1.64,0.36,1.66,2.05,34.85,0.7,0.05
2022-07-07 00:00:00,1.96,0.35,1.83,2.27,30.32,0.69,0.08
2022-07-08 00:00:00,1.8,0.28,1.21,1.65,31.4,0.77,0.05
2022-07-09 00:00:00,1.43,0.24,1.45,1.73,31.41,0.6,0.05
2022-07-10 00:00:00,1.23,0.26,1.07,1.43,35.45,0.8,0.04
2022-07-11 00:00:00,1.45,0.34,1.15,1.6,40.37,0.78,0.03
2022-07-12 00:00:00,1.5,0.37,0.77,1.14,34.3,0.72,0.04
2022-07-13 00:00:00,1.55,0.44,0.94,1.24,34.14,0.61,0.05
2022-07-14 00:00:00,1.38,0.42,1.04,1.42,28.43,0.61,0.09
2022-07-15 00:00:00,1.73,0.42,0.82,1.23,25.92,0.74,0.07
2022-07-16 00:00:00,1.3,0.27,0.55,0.86,26.3,0.79,0.05
2022-07-17 00:00:00,1.45,0.26,0.63,0.97,24.07,0.82,0.03
2022-07-18 00:00:00,2.3,0.4,1.06,1.66,24.39,1.0,0.08
2022-07-19 00:00:00,3.02,0.47,1.58,2.49,26.73,1.3,0.07
2022-07-20 00:00:00,3.17,0.44,2.36,3.21,22.41,1.26,0.0
2022-07-21 00:00:00,,,,,,,
2022-07-22 00:00:00,3.97,0.92,2.26,3.33,31.02,1.34,0.14
2022-07-23 00:00:00,2.14,0.36,1.44,2.02,28.37,1.03,0.04
2022-07-24 00:00:00,1.79,0.38,1.21,1.76,32.01,1.05,0.03
2022-07-25 00:00:00,2.81,0.83,1.5,2.46,28.19,1.53,0.07
2022-07-26 00:00:00,5.25,1.4,2.61,4.01,26.38,1.66,0.09
2022-07-27 00:00:00,4.94,1.4,6.16,7.54,38.44,1.64,0.25
2022-07-28 00:00:00,7.61,1.31,9.48,11.97,49.05,2.18,0.09
2022-07-29 00:00:00,7.79,1.32,17.7,20.72,60.39,2.09,0.05
2022-07-30 00:00:00,4.15,1.54,13.69,15.18,71.59,1.54,0.06
2022-07-31 00:00:00,6.11,1.4,11.34,13.28,36.32,2.66,0.09
2022-08-01 00:00:00,6.92,1.7,4.41,5.76,20.45,1.56,0.24
2022-08-02 00:00:00,7.25,1.18,4.3,5.34,20.03,1.29,0.27
2022-08-03 00:00:00,7.01,1.15,5.99,7.17,23.28,1.42,0.17
2022-08-04 00:00:00,4.71,0.77,4.28,5.1,23.2,0.98,0.12
2022-08-05 00:00:00,1.62,0.4,1.25,1.55,29.79,0.54,0.05
2022-08-06 00:00:00,1.22,0.32,1.08,1.35,34.84,0.63,0.03
2022-08-07 00:00:00,1.18,0.38,1.07,1.33,34.47,0.63,0.03
2022-08-08 00:00:00,1.36,0.57,1.68,2.12,37.1,0.62,0.05
2022-08-09 00:00:00,1.29,0.62,1.53,2.73,41.63,0.63,0.03
2022-08-10 00:00:00,1.24,0.56,1.4,2.21,34.35,0.65,0.05
2022-08-11 00:00:00,1.19,0.35,1.15,1.86,28.49,0.74,0.06
2022-08-12 00:00:00,1.29,0.42,1.79,2.36,32.19,0.87,0.08
2022-08-13 00:00:00,1.54,0.33,1.28,1.93,27.61,1.15,0.06
2022-08-14 00:00:00,1.74,0.37,1.98,2.93,34.73,1.52,0.06
2022-08-15 00:00:00,3.24,0.71,2.75,4.73,36.92,2.18,0.09
2022-08-16 00:00:00,5.24,1.01,5.77,8.95,36.67,2.79,0.54
2022-08-17 00:00:00,4.78,1.36,4.75,7.55,30.62,2.19,0.17
2022-08-18 00:00:00,4.45,1.33,2.76,4.37,27.73,1.75,0.17
2022-08-19 00:00:00,3.99,0.9,1.2,2.18,23.64,1.62,0.04
2022-08-20 00:00:00,2.5,0.47,1.41,2.47,26.09,1.46,0.08
2022-08-21 00:00:00,2.12,0.34,1.01,1.55,21.95,1.01,0.04
2022-08-22 00:00:00,1.81,0.39,1.02,1.53,24.45,0.87,0.08
2022-08-23 00:00:00,2.12,0.42,0.98,1.53,24.04,0.93,0.05
2022-08-24 00:00:00,2.81,0.53,1.91,2.62,32.98,1.03,0.1
2022-08-25 00:00:00,4.62,1.32,2.59,3.56,25.96,1.33,0.31
2022-08-26 00:00:00,6.97,1.52,3.7,4.74,20.32,1.19,0.25
2022-08-27 00:00:00,4.27,0.85,2.6,3.3,23.82,1.13,0.12
2022-08-28 00:00:00,3.74,1.03,2.67,3.56,29.24,1.6,0.12
2022-08-29 00:00:00,5.6,1.1,4.95,6.01,35.63,1.49,0.1
2022-08-30 00:00:00,6.08,1.05,8.14,9.39,38.49,1.41,0.05
2022-08-31 00:00:00,7.49,1.61,13.09,14.94,45.12,1.59,0.04
2022-09-01 00:00:00,8.37,1.77,19.67,21.57,37.08,1.66,0.11
2022-09-02 00:00:00,5.77,0.75,15.41,17.02,46.46,2.2,0.16
2022-09-03 00:00:00,4.27,0.75,9.62,11.53,50.29,2.27,0.09
2022-09-04 00:00:00,3.2,1.18,9.44,10.98,50.89,1.77,0.1
2022-09-05 00:00:00,3.99,1.38,10.47,12.07,57.0,1.81,0.12
2022-09-06 00:00:00,4.89,1.1,5.91,7.1,37.66,1.55,0.13
2022-09-07 00:00:00,3.4,0.81,1.87,2.67,24.96,1.21,0.1
2022-09-08 00:00:00,2.36,0.65,1.37,1.98,29.37,0.97,0.05
2022-09-09 00:00:00,2.6,0.74,1.53,2.18,32.1,1.06,0.07
2022-09-10 00:00:00,1.51,0.46,1.1,1.46,39.04,0.76,0.03
2022-09-11 00:00:00,1.26,0.48,1.13,1.46,33.01,0.73,0.03
2022-09-12 00:00:00,1.49,0.51,1.08,1.53,33.8,0.8,0.04
2022-09-13 00:00:00,2.0,0.64,1.51,2.26,33.77,1.13,0.05
2022-09-14 00:00:00,2.38,0.64,2.65,3.78,34.35,1.49,0.12
2022-09-15 00:00:00,2.47,0.69,2.33,3.44,30.0,1.37,0.06
2022-09-16 00:00:00,2.33,0.57,2.4,3.73,40.57,1.49,0.09
2022-09-17 00:00:00,1.96,0.5,2.17,3.15,36.64,1.46,0.09
2022-09-18 00:00:00,2.07,0.51,1.64,2.46,30.26,1.41,0.07
2022-09-19 00:00:00,2.47,0.5,1.44,2.33,26.73,1.3,0.07
2022-09-20 00:00:00,2.52,0.66,1.68,2.72,28.42,1.48,0.12
2022-09-21 00:00:00,2.48,0.7,1.82,2.96,31.82,1.53,0.09
2022-09-22 00:00:00,3.13,0.77,3.7,5.6,35.41,1.94,0.25
2022-09-23 00:00:00,3.79,0.6,4.1,6.08,28.13,2.1,0.36
